/workspace/farmtable	SWEPT	6850	3608	647	0
/workspace/farmtable-194-combine-r7	SWEPT	3412	1663	433	0
/workspace/farmtable-194-combined	SWEPT	3264	1580	421	0
/workspace/farmtable-194-r10	SWEPT	3490	1706	439	0
/workspace/farmtable-194-r10-audit	SWEPT	3490	1706	439	0
/workspace/farmtable-194-r10-review	SWEPT	3490	1706	439	0
/workspace/farmtable-194-r10-test	SWEPT	3490	1706	439	0
/workspace/farmtable-194-r11	SWEPT	3543	1735	442	0
/workspace/farmtable-194-r11-audit	SWEPT	3543	1735	442	0
/workspace/farmtable-194-r11-review	SWEPT	3543	1735	442	0
/workspace/farmtable-194-r11-test	SWEPT	3543	1735	442	0
/workspace/farmtable-194-r6a	SWEPT	3218	1554	416	0
/workspace/farmtable-194-r6b	SWEPT	3175	1535	412	0
/workspace/farmtable-194-r7-audit	SWEPT	5799	3013	568	0
/workspace/farmtable-194-r7-review	SWEPT	5779	3001	568	0
/workspace/farmtable-194-r7-test	SWEPT	5786	3005	569	0
/workspace/farmtable-194-r7a	SWEPT	3310	1603	423	0
/workspace/farmtable-194-r7b	SWEPT	3282	1588	422	0
/workspace/farmtable-194-r8-audit	SWEPT	3407	1661	434	0
/workspace/farmtable-194-r8-review	SWEPT	3407	1661	434	0
/workspace/farmtable-194-r8-test	SWEPT	3407	1661	434	0
/workspace/farmtable-194-r9	SWEPT	3461	1691	436	0
/workspace/farmtable-194-r9-audit	SWEPT	3466	1694	437	0
/workspace/farmtable-194-r9-review	SWEPT	3466	1694	437	0
/workspace/farmtable-194-r9-test	SWEPT	3466	1694	437	0
/workspace/farmtable-195-r10	SWEPT	3360	1678	399	0
/workspace/farmtable-195-r10-audit	SWEPT	3365	1681	400	0
/workspace/farmtable-195-r10-review	SWEPT	3365	1681	400	0
/workspace/farmtable-195-r10-test	SWEPT	3365	1681	400	0
/workspace/farmtable-195-r7	SWEPT	3159	1547	396	0
/workspace/farmtable-195-r7-audit	SWEPT	3164	1550	397	0
/workspace/farmtable-195-r7-review	SWEPT	3164	1550	397	0
/workspace/farmtable-195-r7-test	SWEPT	3164	1550	397	0
/workspace/farmtable-195-r8	SWEPT	3271	1619	398	0
/workspace/farmtable-195-r8-audit	SWEPT	5818	3026	569	0
/workspace/farmtable-195-r8-review	SWEPT	5818	3026	569	0
/workspace/farmtable-195-r8-test	SWEPT	5818	3026	569	0
/workspace/farmtable-195-r9-audit	SWEPT	3276	1622	399	0
/workspace/farmtable-195-r9-review	SWEPT	3276	1622	399	0
/workspace/farmtable-195-r9-test	SWEPT	3276	1622	399	0
/workspace/farmtable-attention-view	SWEPT	4985	2545	498	0
/workspace/farmtable-audit-191	SWEPT	4842	2471	494	0
/workspace/farmtable-audit-194	SWEPT	5039	2584	510	0
/workspace/farmtable-audit-194-r6	SWEPT	3269	1583	422	0
/workspace/farmtable-audit-194b	SWEPT	5115	2628	516	0
/workspace/farmtable-audit-195	SWEPT	5061	2604	504	0
/workspace/farmtable-audit-p2-r3	SWEPT	4872	2489	493	0
/workspace/farmtable-audit-phase2	SWEPT	4218	2107	449	0
/workspace/farmtable-audit-xss-r6	SWEPT	6850	3608	647	0
/workspace/farmtable-ci-22	SWEPT	4373	2249	442	0
/workspace/farmtable-ci-population	SWEPT	6755	3559	640	0
/workspace/farmtable-close-label-swap	SWEPT	5053	2595	508	0
/workspace/farmtable-em-gate194	SWEPT	3127	1509	407	0
/workspace/farmtable-em-gate194b	SWEPT	3168	1531	412	0
/workspace/farmtable-em-verify195	SWEPT	6482	3411	623	0
/workspace/farmtable-f61-v2-review	SWEPT	3002	1505	361	0
/workspace/farmtable-labelwrite-scope	SWEPT	5099	2618	512	0
/workspace/farmtable-markdown-sanitize	SWEPT	5040	2590	499	0
/workspace/farmtable-p2-audit	SWEPT	4668	2385	475	0
/workspace/farmtable-p2-fixes-r3	SWEPT	4854	2481	491	0
/workspace/farmtable-p2-fixes-r4	SWEPT	4903	2505	495	0
/workspace/farmtable-p2-polish	SWEPT	4731	2418	476	0
/workspace/farmtable-p2-rank	SWEPT	4690	2398	479	0
/workspace/farmtable-p2-review	SWEPT	4668	2385	475	0
/workspace/farmtable-p2-test	SWEPT	4668	2385	475	0
/workspace/farmtable-p2-tests	SWEPT	4600	2342	472	0
/workspace/farmtable-p2-tests-r3	SWEPT	4799	2448	490	0
/workspace/farmtable-p2-webui	SWEPT	4674	2390	475	0
/workspace/farmtable-prod-hardening	SWEPT	6044	3163	591	0
/workspace/farmtable-provision-writable	SWEPT	6800	3581	645	0
/workspace/farmtable-review-191	SWEPT	4842	2471	494	0
/workspace/farmtable-review-194	SWEPT	5080	2604	513	0
/workspace/farmtable-review-194-r6	SWEPT	3269	1583	422	0
/workspace/farmtable-review-195	SWEPT	5051	2598	502	0
/workspace/farmtable-review-p2-r3	SWEPT	4872	2489	493	0
/workspace/farmtable-review-phase2	SWEPT	4218	2107	449	0
/workspace/farmtable-review-xss-r6	SWEPT	6850	3608	647	0
/workspace/farmtable-scopedeny-93	SWEPT	6641	3498	626	0
/workspace/farmtable-secverify	SWEPT	4950	2526	498	0
/workspace/farmtable-task-state-core	SWEPT	2852	1363	378	0
/workspace/farmtable-task-state-predeploy	SWEPT	2899	1389	385	0
/workspace/farmtable-task-state-web-ui	SWEPT	448	13	23	0
/workspace/farmtable-terminal-predicate	SWEPT	4853	2469	493	0
/workspace/farmtable-test-191	SWEPT	4842	2471	494	0
/workspace/farmtable-test-194	SWEPT	5085	2607	513	0
/workspace/farmtable-test-194-r6	SWEPT	3269	1583	422	0
/workspace/farmtable-test-195	SWEPT	5061	2604	504	0
/workspace/farmtable-test-p2-r3	SWEPT	4872	2489	493	0
/workspace/farmtable-test-phase2	SWEPT	4218	2107	449	0
/workspace/farmtable-test-xss-r6	SWEPT	6850	3608	647	0
/workspace/farmtable-writable-path	SWEPT	6745	3553	640	0
/workspace/farmtable-xss-r2	SWEPT	6192	3242	601	0
/workspace/farmtable-xss-r2-audit	SWEPT	6139	3213	598	0
/workspace/farmtable-xss-r2-review	SWEPT	6139	3213	598	0
/workspace/farmtable-xss-r2-test	SWEPT	6139	3213	598	0
/workspace/farmtable-xss-r3-audit	SWEPT	6192	3242	601	0
/workspace/farmtable-xss-r3-review	SWEPT	6192	3242	601	0
/workspace/farmtable-xss-r3-test	SWEPT	6192	3242	601	0
/workspace/farmtable-xss-r4	SWEPT	6240	3267	603	0
/workspace/farmtable-xss-r4-audit	SWEPT	6240	3267	603	0
/workspace/farmtable-xss-r4-review	SWEPT	6240	3267	603	0
/workspace/farmtable-xss-r4-test	SWEPT	6240	3267	603	0
/workspace/farmtable-xss-r5-audit	SWEPT	5026	2580	486	0
/workspace/farmtable-xss-r5-review	SWEPT	6700	3528	636	0
/workspace/farmtable-xss-r5-test	SWEPT	6705	3531	637	0
/workspace/farmtable-xss-r7-audit	SWEPT	6850	3608	647	0
/workspace/farmtable-xss-r7-review	SWEPT	6850	3608	647	0
/workspace/farmtable-xss-r7-test	SWEPT	6850	3608	647	0
/workspace/farmtable-xss-url	SWEPT	6059	3168	593	0
/workspace/farmtable-xssrev-audit	SWEPT	6064	3171	594	0
/workspace/farmtable-xssrev-review	SWEPT	6064	3171	594	0
/workspace/farmtable-xssrev-test	SWEPT	6064	3171	594	0
